,Name,Actors,Introduction,Date
0,欧洲攻略,梁朝伟/吴亦凡,电影《欧洲攻略》由银润传媒集团出品，马楚成担任指导，预计将于2018年8月17日，敬请期待！据悉，银润传媒董事长陈向荣在某发布会上透露，由梁朝伟、吴亦凡主演的电影《欧洲攻略》即将于今年3月底在法国巴黎开拍，女主角暂不公布，具体上映时间也未知，发布会后，新浪娱乐记者进一步确认此事，吴亦凡工作人员回应称“意向有，洽谈中，在接触“，其余未透露太多，银润方表示吴亦凡确认出演，只是具体合作细节在确认中”。...详情>>,上映：2018年08月17日
1,精灵旅社3,,《精灵旅社3》这部影片是由索尼动画出品，导演格恩迪·塔塔科夫斯基执导，于2018年9月21日在美国上映，于2018年8月17日在中国上映。据悉，该影片主要是讲述了吸血鬼公爵（亚当山德勒 配音）在郊区经营了一间特殊的“五星级”旅馆，专门收留令人闻风丧胆的怪兽，让它们在里面尽情搞怪做自己。 为了庆祝爱女梅菲丝118岁生日，吸血鬼公爵邀请来了科学怪人、木乃伊、狼人、隐形人等一票怪物好友狂欢，没想到一位莽撞的背包客意外发现怪兽旅馆，并无可救药的爱上梅菲丝，吸血鬼公爵该如何解决这个不怕死的家伙？但是，当一个普通的人类不小心闯进了旅社，而且还喜欢......详情>>,上映：2018年08月17日
2,侠隐,姜文/彭于晏/廖凡/周韵/许晴,《侠隐》这部影片是由姜文执导，姜文、彭于晏、廖凡、周韵、许晴主演，预计在2018年8月上映，据悉，该影片改编自张北海的武侠小说，主要是讲述了十年前惨遭灭门逃亡美国的李，回到北平执行任务，并借机向仇人复仇，李利用仇人的情人进行离间、伺机行动，不料被神秘人物阻挡。李爱上了裁缝巧，在巧的协助下成功复仇，并揭露了当年的灭门惨案的故事。...详情>>,上映：2018年08月17日
3,快把我哥带走,彭昱畅/张子枫/赵今麦/孙泽源/刘冠毅/方翔锐,《快把我哥带走》这部影片是由万达影视传媒有限公司、深圳市中汇影视文化传播股份有限公司联合出品，张子枫、彭昱畅主演，预计在2018年8月17日上映，据悉，该影片改编自同名热门漫画，主要是讲述了父母婚姻走到了尽头，时秒把责任推在哥哥时分的身上，乞求老天“快把我哥带走”，这样家庭就圆满了。时秒的愿望实现了！时分成了别人的哥哥，可时秒发现自己再也不快乐了，她想让哥哥回来，可是要面对一个选择的故事。...详情>>,上映：2018年08月17日
4,道高一丈,聂远/谭凯/孔维/徐露/曲高位/张陆,电影《道高一丈》由爱奇艺影业（北京）有限公司、火象（上海）影视文化发展有限公司联合出品，姜凯阳编剧并指导，聂远、谭凯、孔维、徐露、曲高位、张陆领衔主演，预计将于2018年8月24日在全国影院上映。影片讲述了被警校开除的学生宋朝（聂远 饰）被卷入“杀警”案“畏罪潜逃”，因仗义解救好兄弟重返故地，身为警察的刘海洋（谭凯 饰），抱着“杀父之恨”追捕宋朝，不仅发现他与自己的妻子楚洁（徐露 饰）有着暗中的联系，在警匪追逐、黑势力追杀的过程中揭露了一桩惊天的黑幕交易！正邪难辨扑朔迷离，却环环相扣，像片名传达的那样“魔高一尺、道高一丈”，最终水落石......详情>>,上映：2018年08月17日
5,一出好戏,黄渤/王迅/于和伟/王宝强/张艺兴/舒淇,《一出好戏》这部影片是黄渤的导演处女作，黄渤、王迅、于和伟、王宝强、舒淇等主演，预计在2018年8月10日上映，据悉，该影片目前尚未透露剧情信息，后续将会陆续更新，敬请期待！...详情>>,上映：2018年08月17日
6,如影随心,陈晓/杜鹃/王嘉/马苏/关晓彤/高晓攀,《如影随心》这部影片是由万达影业出品，霍建起执导，陈晓、杜鹃、马苏、王嘉等主演，预计在2018年8月17日上映，据悉，该影片是根据作家安顿早年未发表的情感实录改编，后续将会陆续更新演员以及剧情信息，敬请期待！...详情>>,上映：2018年08月17日
7,人质列车,余男/保剑锋/黄奕/斯琴高娃/徐锦江/石兆琪,电影《人质列车》由尹哲执导，保剑锋、余男、黄奕、马克、艾力库参演，将于2018年8月上映。据悉影片以迎接十九大召开，弘扬人民警察的光辉形象为基调，主要讲述满载乘客的列车遭到恐怖分子劫持，他们要求中国政府释放毒枭。危急关头，武警队长陈彪在列车上英勇地与恐怖分子斗争的故事。...详情>>,上映：2018年08月17日
8,疯狂的亚洲富翁,,电影《疯狂的亚洲富翁》由朱浩伟执导，杨紫琼、郑肯、嘉玛·陈、岑勇康等人参演，将于2018年8月17日在北美上映。据悉影片主要讲述华裔经济学教授Rachel与男朋友Nick去新加坡参加朋友的婚礼，Nick隐形富豪的身份遭到曝光，之后超精英社会阶层里的女性们都开始嫉妒Rachel能够找到这么好的男朋友，于是纷纷暗地里用尽心机地拆散她俩。...详情>>,上映：2018年08月17日
9,追日危情,,电影《追日危情》由刘夏同执导，黄子腾、张暖雅、朱可人、姜凯参演，这是中国首部以川黔线为背景的公路片，已经正式开拍，拍摄周期为45天，计划明年暑假上映。据悉影片主要讲述三人穿越川藏线时经历着生死考验，各怀心思的他们在这个过程中穿越了风雨并慢慢理解了爱与宽容，齐剑和纪晶晶不计年龄跨度而相爱，不安好心的姜凯在千钧一发时分善心复苏，勇敢挽救齐剑……...详情>>,上映：2018年08月17日
10,肆式青春,,电影《肆式青春》由李豪凌、易小星、竹内良贵导演执导，上海绘界文化传播有限公司、日本动画工作室CoMix Wave Films、伊犁卓然影业有限公司、B站联合出品，中日联合制作。影片由三段小故事组成，从生活中的小事来讲述青春故事。故事主要讲述主人公们的回忆。易小星导演负责“三鲜米粉”主题：这是一个关于漂泊青年心怀梦想，年迈祖母在故乡期盼，二人分隔两地的故事；竹内良贵负责“小小时装秀”主题：一对姐妹在广州互相扶持，携手前进的故事；李豪凌负责“上海恋”主题：一对青梅竹马的上海情侣发生的故事。竹内良贵曾在大热动漫《你的名字》中负责CG部分，你......详情>>,上映：2018年08月17日
11,诗季织织,,电影《诗季织织》由李豪凌、易小星、竹内良贵导演执导，上海绘界文化传播有限公司、日本动画工作室CoMix Wave Films、伊犁卓然影业有限公司、B站联合出品，中日联合制作。影片由三段小故事组成，从生活中的小事来讲述青春故事。故事主要讲述主人公们的回忆。易小星导演负责“三鲜米粉”主题：这是一个关于漂泊青年心怀梦想，年迈祖母在故乡期盼，二人分隔两地的故事；竹内良贵负责“小小时装秀”主题：一对姐妹在广州互相扶持，携手前进的故事；李豪凌负责“上海恋”主题：一对青梅竹马的上海情侣发生的故事。竹内良贵曾在大热动漫《你的名字》中负责CG部分，你......详情>>,上映：2018年08月17日
12,解码游戏,韩庚/李媛/凤小岳/山下智久,电影《解码游戏》由李海龙导演执导，韩庚、凤小岳、李媛、山下智久参演，该影片将于2018年暑假上映。影片主要讲述宅男李浩明的喜感故事。李浩明拥有强大的网络技术天赋，通晓复杂的网络技术。在网络世界里，他以“海盗船长”的昵称存在着，虽然是一位网络海盗，但他做的却不是抢劫掳掠的恶心，而是以单打独斗的方式在网络上行侠仗义，打抱不平，为着自己内心的善意与正义，用自己仅有的力量，帮助好人、惩罚坏人。后来他认识了苏仪，他的平静生活就此天翻地覆。苏仪及自己的拍档乔飞要挟“海盗船长”卷入了一场极客密谋，这场极客密谋是网络黑手闫岳一手策划，他是背后的终极b......详情>>,上映：2018年08月17日
13,有五个姐姐的我就注定要单身了啊,谢金燕/刘奕儿/张墨锡/高隽雅/张垚/项婕如,《有五个姐姐的我就注定要单身了啊》这部影片是由谢金燕、刘奕儿、张墨锡、高焦雅、张垚、项婕如、蔡凡熙主演，于2018年8月24日上映，主要是讲述了李家父母因一场车祸在临终前交代五个女儿，一定要照顾好弟弟狂龙。于是五个姐姐放弃自己的幸福，一心为狂龙，用疯狂的方式阻止弟弟与女孩交往。有趣与爆笑的桥段，令观众沉醉在天翻地覆的亲情与爱情的保卫战中。...详情>>,上映：2018年08月17日
14,冷恋时代,姚星彤/梦丽/董琦/朱璇/李东艾/立威廉,《冷恋时代》这部影片是由姚星彤、董琦、梦丽、朱璇、李东艾主演，于2018年8月17日上映，据悉，该影片主要是讲述了都市女子后现代爱情生活群像，描述了她们她们理性淡然、体面自保，在紧要关头却牢牢把握了自己人生和幸福的方向故事。...详情>>,上映：2018年08月17日
15,未来机器城,,《未来机械城》这部影片是由Kevin R. Adams（安恪温）、Joe Ksander（龙子乔）联合执导，于2018年8月17日上映，据悉，该影片主要是讲述了一个发生在未来世界中的暖心故事，机器人7723偶然被叛逆的足球少女苏小麦唤醒，两人也因此遭遇了重重险境，在机器城并肩冒险的过程中，7723始终保持着自己温暖的“机芯”，也逐渐被本厌恶机器人的苏小麦所理解、接受，一步一步走进了小麦的心中。...详情>>,上映：2018年08月17日
16,的士速递5,弗兰克·盖思堂彼/马利克·班泽拉/弗兰克·加斯堂彼得/马利克·宾塔哈/伯纳尔·法尔西/塞尔维托·埃斯波西多,《的士速递5》这部影片是由弗兰克-盖思堂彼、马利克-班泽拉等联袂主演，预计在2018年8月3日在中国上映，据悉，该影片主要是讲述麻烦警探西尔万与废柴司机埃迪阴差阳错下组成乌龙搭档，联手剿灭犯罪团伙的故事。...详情>>,上映：2018年08月17日
17,小偷家族,中川雅也/安藤樱/树木希林/松冈亚纪/城桧吏/佐佐木美雪,《小偷家族》这部影片是由中川雅也，安藤樱，树木希林，松冈茉优主演，2018年6月8日在日本上映，2018年8月3日在中国上映，据悉，该影片主要是讲述了田家靠犯罪来维持家计，在一家之主柴田治捡回一个遍体鳞伤的小女孩后，这个家庭的秘密渐渐曝光的故事。做短工的治（中川雅也饰）与妻子信代（安藤樱饰）、“儿子”祥太（城桧吏饰）、信代的“妹妹”亚纪（松冈茉优饰）以及“老母亲”初枝（树木希林饰），依靠初枝的养老保险，在破烂的平房中艰难度日。治与儿子祥太做扒手，亚纪打工补贴家用。某一天，治带回在住宅区被冻僵的少女百合（佐佐木美雪饰），加入了他们原本就......详情>>,上映：2018年08月17日
18,美食大冒险之英雄烩,杨光普照/孟宇/张喆/郭政建,《美食大冒险之英雄烩》这部影片是由孙海鹏执导，预计在2018年8月10日上映，据悉，该影片主要是讲述了一个完全由食物组成、对于人类而言很好吃的世界。传说在远古时代，食物世界没有生命只有食材，一位名叫“女娲”的厨娘用食材创造出各种食物，并使它们变得跟人类一样，有感情、有梦想、有喜怒哀乐，从此食物世界变得生机勃发起来。但后来，食物之间也有了纷争。有的食物为了私欲沦为海盗，有的食物为了抗击海盗挺身而出，成为了拯救食族的大英雄。主人公包强秉承着祖师爷“人人皆可成英雄”的训导，踏上了一段奇妙又逗趣的冒险之旅。...详情>>,上映：2018年08月17日
19,妈妈咪呀2,马梅丽尔·斯特里普/科林·费斯/阿曼达·塞弗里德/皮尔斯·布鲁斯南/斯特兰·斯卡斯加德/多米尼克·库珀,《妈妈咪呀2》这部影片是由马梅丽尔·斯特里普、科林·费斯、阿曼达·塞弗里德、皮尔斯·布鲁斯南、斯特兰·斯卡斯加德、多米尼克·库珀、莉莉·詹姆斯、流行音乐天后及奥斯卡影后雪儿、“教父”安迪·加西亚等主演，于2018年8月3日在中国上映，据悉，该影片是根据同名百老汇动画改编，后续将会陆续更新演员以及剧情信息，敬请期待！...详情>>,上映：2018年08月17日
20,爸，我一定行的,,《爸，我一定行的》这部影片是由蓝鸿春导演，369郑润奇编剧并主演的本土方言喜剧电影《爸，我一定行的》今日发布一款预告，预计8月末全国上映。电影主要讲述一对潮汕父子两代间的冲突和羁绊，两人从误解对立到互相支持和解的故事。...详情>>,上映：2018年08月17日
21,深海历险记,张璐/陈红/张云龙/杨希/郭政建/张遥函,《深海历险记》这部影片是由由Julio Soto Gurpide、陈红执导，张璐、陈红、张云龙、杨希、郭政建、张遥函、胡静、刘琮、敖磊、贾小军、王敏纳为其配音的喜剧冒险动画片，于2018年8月17日在中国上映，据悉，该影片主要是讲述了在遥远的未来，海水淹没陆地，人类几乎全部飞离了地球，只剩几个人类在水底等待最后的发射，整个地球只剩下海水和海洋生物。一只爱冒险，名叫“深深”的章鱼以及仅存的水生动物同类们，在传说中的“海霸琨爷”（大章鱼）的保护下，生活在一个神秘的海底洞穴。但一起意外摧毁了他们的家，“深深”和他的朋友必须前去人类之城找到琨......详情>>,上映：2018年08月17日
22,致所有我曾爱过的男孩,拉娜·康多/约翰·考伯特/贾娜尔·帕里希/诺亚·桑蒂尼奥/伊瑟瑞尔·布罗萨德,《致所有我曾爱过的男孩》这部影片是由苏珊·约翰逊执导，拉娜·康多、约翰·考伯特、贾娜尔·帕里希、诺亚·桑蒂尼奥、伊瑟瑞尔·布罗萨德等参演，于2018年8月17日上线，据悉，该影片主要是讲述了16岁女主人公劳拉·简·科维给每一个她迷恋的男孩写情书，用尽真情实感来表达现实里开不了口的心情，将信保存在一个帽箱里，不过有一天这些秘密情书被公之于众，她的生活也陷入了天翻地覆的混乱之中的故事。...详情>>,上映：2018年08月17日
23,神秘世界历险记4,阎萌萌/赵一博/图特哈蒙/张磊/郭政建,《神秘世界历险记4》这部影片是由由王云飞执导，孟泉霖、刘露、姜广涛等人参与配音，于2018年8月3日上映，据悉，该影片主要是讲述了科学家雨果妈在一次科考途中失踪，爱女心切的王大山一直对雨果隐瞒着这个消息，直到某天这个秘密被雨果发现。大山带雨果来到当初的科考营地，发现科考队的失踪和神秘世界有关！父女再次进入神秘世界，寻找雨果妈的故事。...详情>>,上映：2018年08月17日
24,爱情公寓,陈赫/孙艺洲/娄艺潇/李金铭/邓家佳/李佳航,《爱情公寓》这部影片是由腾讯影业出品，陈赫、孙艺洲、娄艺潇、李金铭、邓家佳等主演，预计在2018年8月10日上映，据悉，该影片目前正在正在筹备中，后续将会陆续更新，敬请期待！曾小贤、胡一菲、吕子乔、张伟、唐悠悠、陈美嘉悉数回归，还是熟悉的场景和熟悉的人，嘻嘻哈哈、打打闹闹，笑声从没停过。老朋友的故事将继续展开，印证了电视剧的那句主题语——“最好的朋友在身边，最爱的人就在对面”。不过这一次，他们打算搞个大事情。...详情>>,上映：2018年08月17日
25,名将之后,李世宏/关飞扬/陈嘉铭/杨致远/蔚岩峰,《名将之后》是南京红色齿轮影视传媒有限公司出品的儿童励志电影，该片由李金林执导，李世宏、关飞扬领衔主演，于2018年2月17日台湾上映，于2018年8月3日在中国重映，据悉，该影片主要是讲述了帝王之乡小胖遭同是留守儿童的大个石磊欺负，毛蛋相传岳飞的后人，出头复仇未果反被羞辱，为争一口英雄气节，毛蛋，小胖王福三人篝火结拜，私密铸枪，起誓要教训石磊，后来不但“大事”未成，伙伴王福也被妈妈接走，毛蛋在另外一群拥护者的支持下，开始制造真正的武器战马，正等到一雪前耻那一天，不料石磊跛腿的父亲赶来制止“决战”并将石磊打骂带走，毛蛋不战而胜，却心情......详情>>,上映：2018年08月17日
26,三十那年,尤天翔/韩振国/宋维芝/郑梦琪/侯耀华,《三十那年》这部影片是由是一部由导演郑晓东编剧并执导的电影， 尤天翔、韩振国、宋维芝、郑梦琪等主演、侯耀华客串出演，于2018年8月3日上映，据悉，该影片主要是讲述了梦想藏在每个人的心中，有的人会把它藏一辈子，有的人会不顾一切的去追逐梦想，卢鹏程就是后者！在追逐梦想的路上，充满了坎坷和不如意。但是他的倔强与坚韧最终让他寻找到了梦想的光环。...详情>>,上映：2018年08月17日
27,勇者闯魔城,,《勇者闯魔城》这部影片是由杨汉钊执导，预计在2018年8月3日上映，据悉，该影片主要是讲述了天庭三位小神仙，小智、小仁、小勇通过参加天庭举办的《勇气去哪儿》大型真仙现场直播节目，锻炼了三小仙的勇气，增强了相互友情，也使他们感悟到合作精神的重要性及对生命的热爱。...详情>>,上映：2018年08月17日
28,最后的棒棒,何苦,《最后的棒棒》这部影片是由何苦执导并主演，预计在2018年8月17日上映，据悉，该影片主要是讲述了改革开放之初，山城重庆特殊的地理环境孕育了一个特殊的行业， 山城棒棒军。爬坡上坎，负重前行的三十多年，数十万棒棒大军不仅挑走了汗水浸泡的年华，也挑走了属于自己的年代。癸巳岁末，几个佝偻背影即将道别正在消逝的行业，一名退役中校扛起一根棒棒开始了自己的追寻：辉煌与尴尬，艰韧和无奈，他们的人生无须评说，他们的故事值得铭记。...详情>>,上映：2018年08月17日
29,下一任：前任,郭采洁/郑恺/李东学/谢依霖,《下一任：前任》这部影片是由陈鸿仪执导，郭采洁、郑恺、李东学、谢依霖主演，预计在2018年8月17日上映，据悉，该影片主要是讲述了林心恬暗恋黄克群许久，长大后两人无数次错过，又遇到一些缘分不到的爱情，以为此生不会再见。最终，在两人的努力和坚持下，走到了一起的故事。...详情>>,上映：2018年08月17日
30,大三儿,,《大三儿》这部影片是由佟晟嘉导演执导的普通百姓生活价值的纪录片，于2018年4月8日在北京电影节首映，于2018年8月20日在中国大陆上映，主要是讲述了“大三儿”在内蒙古昭乌达盟一个铜业公司日复一日的工作中，突然萌生了要去西藏旅行的念头。但因身体原因，他的这个想法遭受了一些非议，但大三儿想尽办法，最终在朋友的照顾下踏上了前往西藏的旅程的故事。...详情>>,上映：2018年08月17日
31,黑子的篮球：终极一战,小野贤章/小野友树/神谷浩史/诹访部顺一/小野大辅/木村良平,《黑子的篮球：终极一战》这部影片是改编自藤卷忠俊创作的漫画作品《黑子的篮球 EXTRA GAME》，小野贤章、小野友树 、神谷浩史 、诹访部顺一、小野大辅、 木村良平、 铃村健一、 绿川光、 稻田彻联合配音，于2017年3月18日在日本上映，于2018年8月24日在中国上映，据悉，该影片主要是讲述了黑子哲也及火神大我加入了诚凛高中篮球队。相对于有着绝佳球感的火神，黑子却是一名在场上“几乎没有存在感”的球员。但其实，黑子曾是篮球强校帝光国中篮球队的一员，曾与被称为“奇迹时代”的5位天才并肩战斗，以“梦幻的第6人”的称号活跃在篮球场上。...详情>>,上映：2018年08月17日
32,美丽战争,那广子/马国明/孟广美/谭耀文/罗彬,《美丽战争》这部影片是由国晟传奇影业(北京)有限公司出品，陈勋奇执导，那广子、孟广美、谭耀文、马国明、罗彬主演，预计在2018年8月24日上映，据悉，该影片主要是讲述了前超模（那广子）历经磨难参加全能超模比赛，在此过程中寻找到自我与真爱的励志故事。在演出庆功宴上，看似平静实则妒火中烧的超模安薇薇因得知男友背叛而当众宣布决裂，酒后冲动飙车遭遇车祸，小腿遭截肢，超模生涯结束，命运跌入低谷，在短暂的痛苦挣扎后，她毅然决定使用义肢重回T台，在超模大赛一场场艰难关卡考验中，安薇薇吃尽苦头，在一次次难以预料的困境与柳暗花明的转机间，她似乎也慢慢了......详情>>,上映：2018年08月17日
33,大师兄,甄子丹/陈乔恩/骆明劼/喻亢/云千千/汤君慈,《大师兄》这部影片是由是由阚家伟执导、甄子丹、陈乔恩、骆明劼、喻亢、云千千主演，预计在2018年8月24日上映，据悉，该影片主要是讲述了一名退伍特种兵，在曾经校长的推荐下，回到母校教书，在教书过程中，和学生斗智斗勇的故事。新当老师的陈侠一入职便遇上学校杀校危机，又要面对一众品学皆劣的问题学生，包括好勇斗狠的伟聪、印巴籍祖发、男人头得男、专注力不足的启程及只会打游戏机的启贤，陈侠运用非常教学的手法，化解每位学生的问题，终把全班学生收服。正当一切渐入佳境时，班内却发生严重事故，班主任陈侠成为公审对象。陈侠的教师资格更面临被教育局吊销。当师......详情>>,上映：2018年08月17日
34,足球王者,未知/未知/未知/未知/未知,《足球王者》这部影片是由刘骏、牛志远联合执导，预计在2018年8月10日商业险，据悉，该影片主要是讲述了一个因伤黯然退役的父亲与热爱足球运动的子女关于足球爆发的矛盾冲突，与此同时，邪恶势力盯上孩子们，父亲与孩子们一起对抗邪恶势力的故事。21世纪50年代的故事，足球已经成为国内不可或缺的体育运动，参与者众多，前国家队队员罗纳德在2038年带领中国队第一次夺得世界杯后，因为一次事故退出了足球行业，回到老家以开海鲜排挡为生，生活从风光回归平淡。但是罗纳德的3个孩子对足球的热爱，让这一切的平淡被打破……...详情>>,上映：2018年08月17日
35,封门笔仙,杜学成/赵闪闪/江兰萱/发哥/李默兰琦/粟军,《封门笔仙》这部影片是由杜学成、赵闪闪、兰萱、发哥、李默兰琦、粟军、陈康、何柔熹主演，预计在2018年8月10日上映，据悉，该影片主要是讲述了金子因为未婚妻在探险封门村直播时失踪，他带着哥们万胖子和田四眼赶去营救，不料却掉进鬼村的重重迷雾中，最后他终于破解了谜底，救回了未婚妻的故事，...详情>>,上映：2018年08月17日
36,他是一只狗,雷璐璐/许贵源/徐嘉洲/武正鉌,《他是一只狗》这部影片是由孙健、杨昕雨执导，雷璐璐、许贵源、徐嘉洲、武正鉌等主演，预计在2018年8月17日上映，据悉，该片讲述的是来自外太空的一只狗来到地球寻找梦中注定的人，守护她直到生命的终结，这样一个奇异浪漫的爱情故事。...详情>>,上映：2018年08月17日
37,七袋米,阿诺德雷·耶斯/苏·普拉多/米科·劳伦特/米尔·埃斯皮诺萨/阿方索·伊尼戈·德伦,《七袋米》这部影片是由阿诺德雷·耶斯、苏·普拉多、米科·劳伦特 、米尔·埃斯皮诺萨、阿方索·伊尼戈·德伦主演，预计在2018年8月24日上映，据悉，该影片主要是讲述了在伊莎贝拉的稻田上，耶密一家过着简单纯朴的生活，家里没有电，靠着丰收后剩余的7袋稻米维持生活。爸爸开垦种地，妈妈外出打工，支撑着这个家并扶持孩子们上学；利托、巴隆也愈发懂事，照顾妹妹、捞蛤蜊、捉蟋蟀、拾稻穗……补贴家用，四岁的雪莉终于说话了，巴隆也考了全班第一。但幸福的一家只剩下一袋稻米，妈妈不得不再次含泪离别……...详情>>,上映：2018年08月17日
38,让我怎么相信你,梁天/安乙荞/文松/曹艳艳/叶萌/谢梦华,《让我怎么相信你》这部影片是由北京好来西影视策划有限公司、HLX Film making Co.、电影频道节目中心出品，梁青儿、梁小凉执导，梁天，安乙荞，文松，闫妮，关婷娜，曹艳艳，叶萌，谢梦华，杨荞安主演，预计在2018年8月24日上映，据悉，该影片主要是讲述了女儿恋爱事业受挫，投奔关系疏离的父亲。却遭到父亲女友一家占房。走投无路应咖啡商阿文之邀前往云南散心。父亲因欠赌债，需要女儿签字同意才能抵房还债，只得一路跟来。他不仅要应付追债马仔，哄骗女儿签字，还要智斗阿文。还债期限将至，一连串麻烦让他不得不做出一个重大决定。...详情>>,上映：2018年08月17日
39,旅行吧！井底之蛙,王雪沁/吴凡/周宗禹/强光宗/张艺文/唐泽宗,《旅行吧！井底之蛙》这部影片是由陈设执导，王雪沁、吴凡、周宗禹、强光宗、张艺文、唐泽宗、濮心宇等为其配音，预计在2018年8月18日上映，该影片主要是讲述了一只井底的青蛙威尔，来到人类的世界，冒充一名被施咒的王子，帮助城堡中的小公主苏菲亚粉碎皇叔班特的阴谋，成功继承皇位，成为女王。而自己也带着爱人萝拉回归井下，告诉同伴井外的世界很大很大。...详情>>,上映：2018年08月17日
40,奇怪的袜子精灵,克里斯托弗·哈德克,《奇怪的袜子精灵》这部影片是由捷克鼎力支持制片公司出品，克里斯托弗·哈德克主演，预计在2018年8月24日上映，据悉，该影片主要是讲述了袜子精灵是一种生存在人类周围的小生物，他们以人类的袜子为食，但每次只吃掉一双中的一只。本片讲述了主人公——一个叫做希力咕的袜子精灵和他寻找亲人的冒险旅程。 希力咕的爷爷在去世之前想见一见他的孩子，所以被他从小抚养长大的希力咕必须学会克服他的恐惧，离开他们住的地方并找到他叔叔——他以前并未听说过他的存在。一路上他的脑海中都是爷爷的音容笑貌：爷爷教导他要有勇气，爷爷十分重视对家庭的爱，爷爷所要求应有的良好......详情>>,上映：2018年08月17日
41,鬼吹灯之云南虫谷,,《鬼吹灯之云南虫谷》这部影片是由光线传媒出品，预计在2018年9月30日播出上映。该影片主要讲述了云南发现了一座金字塔形古墓——献王墓，古墓里传闻陪葬有可以救人性命的雮尘珠，摸金校尉深入瘴疠之地，再探古墓奇险，从而引出了一系列故事。三个摸金校尉依照一张人皮地图穿过遮龙山下古滇国秘密地下水道，不料遭遇千年痋术机关，成千上万个奴隶制成的“痋俑”像炸弹一样倒悬在洞顶，当它们接二连三地落入水中，引发的却是一连串的弱肉强食，一物降一物......丛林中夜现SOS电码，是曾经葬身此地的飞虎队队员怨魂作祟，还是献王的大祭师设下的迷局……...详情>>,上映：2018年09月30日
42,影,邓超/孙俪/郑恺/王千源/胡军/关晓彤,《影》这部影片是由张艺谋执导，邓超、巩俐、郑恺、王千源、胡军等主演，预计在2018年9月30日上映，据悉，该影片目前正在积极筹备中，后续将会陆续更新演员以及剧情信息，敬请期待！这是一个关于替身的故事。替身自古有之，人称“影子”。有刺杀，就有影子，影子必须在危急关头挺身而出，替主人博回一命；影子又必须与真身互为一体，令旁人真假难辨如同孪生。若无真身，影子何在？关于影子的来龙去脉，真身从来忌讳莫深，不愿提及而令真相扑朔迷离。是愿做真身，还是愿做影子？是明处做人，还是暗处做鬼，换作是你，如何选择？...详情>>,上映：2018年09月30日
43,胖子行动队,包贝尔/文章/李成敏/许君聪/曾一竣/张梦露,《胖子行动队》这部影片是由剧角映画、河马影业联合出品，包贝尔执导，文章，包贝尔，李成敏，辣目洋子主演，预计在2018年9月30日上映，据悉，该影片主要是讲述了两个胖子阴错阳差组成了特别行动队，介入一起贩毒案件中，上演了一场啼笑皆非的特工之旅。文章、包贝尔将在片中以300斤的形象出镜，组成“超重”量级特工CP，克拉拉这次将以“呆萌”的形象示人，辣目洋子则负责扮“美艳”的故事。...详情>>,上映：2018年09月30日
44,江湖儿女,廖凡/赵涛/徐峥/冯小刚/刁亦男/张一白,《江湖儿女》这部影片是由上海电影集团公司、北京西河星汇影业有限公司、欢喜传媒、MK2以及北野武工作室共同出品，贾樟柯编剧执导，廖凡、赵涛领衔主演，预计在2018年9月21日上映，主要是讲述了在2001年，山西塞外城市，模特巧巧与出租车公司老板斌哥本是一对恋人，斌哥每天在外面呼朋唤友，巧巧希望能够尽快进入婚姻，斌哥在街头遭到竞争对手的袭击，巧巧慌乱中发现斌哥的公文包中有自制火枪，她朝天鸣枪进而引发了一系列的故事。...详情>>,上映：2018年09月30日
45,墙里有钟的房子,凯特·布兰切特/杰克·布莱克,电影《墙里有钟的房子》由安培林娱乐公司投拍，伊莱·罗斯指导，埃里克·克莱普克改编，凯特·布兰切特、杰克·布莱克主演，大概于2019年上映。影片讲述了一个哥特风格的惊悚故事，十岁的刘易斯在父母去世后跟随巫师舅舅生活，而舅舅房子曾经的主人是一对致力于研究黑魔法，想要以此来毁灭世界的夫妻，他们在房间的墙壁里埋藏了一只可以毁灭世界的钟表。故事的转折点是刘易斯不小心唤醒了恶魔夫妻，世界面临着被毁灭的危险，他不得不试图阻止他们……...详情>>,上映：2018年09月30日
46,李茶的姑妈,黄才伦/艾伦/宋阳/卢靖姗,《李茶的姑妈》这部影片是由北京开心麻花影业有限公司出品，吴昱翰执导，黄才伦 、艾伦、宋阳主演，于2018年9月30日上映，据悉，该影片是根据同名话剧改编，主要是讲述了李茶的姑妈是一名“大富翁”，由于李茶的姑妈要订婚了，各家亲戚为了姑妈的财富进而引发了一系列搞笑的故事。...详情>>,上映：2018年09月30日
47,悲伤逆流成河,,电影《悲伤逆流成河》由落落导演执导，将于2018年9月21日在中国大陆上映。影片改编自郭敬明的同名小说，影片主要讲述齐铭、易遥、顾森西、顾森湘之间的友情及爱情故事。齐铭眼睁睁地看着易遥在自己的面前死去，他们曾经是相爱的，但一切都结束了。齐铭是一个全面发展的优等生，是老师标榜的对象，家长口中的别人家的孩子。这么优秀的他却与问题少女易遥走得很近，两个高中生处于友达以上、恋爱未满的状态。也许二人正是被对方身上自己所不具备的东西所吸引，齐铭的端正与优秀，易遥的洒脱与不羁。可齐铭心里有点瞧不起易遥，她年纪轻轻就跟不良少年恋爱，然后怀孕了，自己也......详情>>,上映：2018年09月30日
48,乐狱,林哲熹/纪言愷/范少勋/金士杰/包小松/宋少卿,《乐狱》这部影片是由孙启明执导，林哲熹、紀言愷、范少勋、金士杰、 包小松、宋少卿 、萧蔷 、连凯主演，于2018年9月28日上映，该影片主要是讲述了一名音乐老师，进入少年监狱，带领一帮逞凶的少年犯学习乐器，并赢得音乐比赛的故事。...详情>>,上映：2018年09月30日
49,黄金兄弟,郑伊健/陈小春/谢天华/钱嘉乐/林晓峰/曾志伟,《黄金兄弟》这部影片是由北京耀莱影视文化传媒有限公司、影艺人娱乐制作有限公司、北京耀旸信盁投资有限公司、宽鱼国际股份有限公司出品，曾志伟监制，钱嘉乐执导，郑伊健、陈小春、谢天华、钱嘉乐、林晓峰等主演，于2018年9月21日上映，据悉，该影片主要是讲述了狮王、火山、Bill、淡定、老鼠五个出生入死的兄弟，在恩师曹sir的带领下，为了救济儿童而偷取特效药，却惨遭设局，陷入枪林弹雨的险境之中进而引发的一系列故事。...详情>>,上映：2018年09月30日
50,说走就走之不说再见,牛骏峰/白举纲/吴谨言/谢昀杉/赵健雷,《说走就走之不说再见》这部影片是由张承导演执导、牛骏峰、白举纲、吴谨言、谢昀杉、赵健雷等主演，预计在2018年9月14日上映，据悉，该影片主要是讲述了登山社长陈萧、学霸熊波、富二代张昊、小跟班李硕是学校登山社的好兄弟。在一次登山社的派对结束后，他们四人阴差阳错地踏上了一场“说走就走”的冒险之旅。...详情>>,上映：2018年09月30日
51,阿尔法：狼伴归途,科迪·斯密特-麦菲/娜塔莎·迈尔兹/蕾奥娜·维埃拉,《阿尔法：狼伴归途》这部影片是由是艾尔伯特·休斯执导，科迪·斯密特-麦菲、娜塔莎·迈尔兹、蕾奥娜·维埃拉主演，预计在2018年9月7日上映，据悉，该影片主要是讲述了发生于两万年前的欧洲北部，地球正处于弱肉强食的冰川时期。心地善良的男主角科达是部落首领的儿子，在一次部落集体狩猎中，科达不慎跌落悬崖，众人以为科达已死，但大难不死的科达被洪水卷走幸存下来，只身流落荒野。 途中科达与一匹野狼相遇，给它起名阿尔法，意即狼群首领。科达在与其相处的过程中逐渐成长，学习“狼性”并存有“仁心”。这对人狼搭档在险恶的世界中相互为伴，一起踏上返乡之路，人与......详情>>,上映：2018年09月30日
52,吻隐者,谭卓/李至正/孙亦沐/张子涵/彭静,《吻瘾者》是由北京奥齐都市传媒出品，李燕宁担任编剧和导演，谭卓、李至正主演，预计在2018年9月7日上映，据悉，该影片主要是讲述了因由一起奇幻瑰丽、充满神秘主义色彩的“接吻”事件，展现一段环环相扣、凄美奇异的爱情故事。...详情>>,上映：2018年09月30日
53,草戒指,洪亦平/马靓/黄海冰/胡锰/陈义贞/孙翔,《草戒指》是由洪亦平执导，洪亦平、马靓、黄海冰、胡锰、孙翔主演，预计在2018年9月7日上映，据悉，该片讲述了自小命途多舛的女主角织秋与她青梅竹马的男主角江舟之间的爱情纠葛故事。...详情>>,上映：2018年09月30日
54,黑暗深处之惊魂夜,崔小田/高志刚/葛凌芮/李劲峰/林潇,《黑暗深处之惊魂夜》这部影片是由崔小田、高志刚、葛凌芮、李劲峰、林潇主演，预计在2018年9月7日上映，据悉，该影片主要是讲述了富二代吴子唅为平息绯闻照片风波，向危机公关专家乔申求助，吴子唅在乔申的引导和逼问之下，心理防线逐渐崩溃，最终坦白了为自身利益杀害女友和无辜女孩儿的犯罪事实，多年来一直跟进此案、逼近嫌疑人的警察在获得确凿证据之后，将吴子唅绳之于法。...详情>>,上映：2018年09月30日
55,念念手纪,滨边美波/北村匠海/小栗旬/北川景子/大友花恋/矢本悠马,《念念手纪》这部影片是由月川翔执导，该剧是由滨边美波、北村匠海主演，小栗旬、北川景子共演，于2017年7月28日在日本上映，2018年9月14日在中国大陆上映，据悉，该影片主要是讲述了志贺春树（北村匠海饰）偶然发现高中同班同学山内樱良（滨边美波饰）所写的秘密日记“共病文库”（即与疾病共同生存的日记），从而得知她身患胰脏绝症的秘密。性格天差地别的两人也因此走近，一同度过了樱良生命中最后一段时光。12年后，因樱良的一句话而成为母校教师的春树（小栗旬饰）在与学生聊天时回忆起当年与樱良度过的数月时光。与此同时，即将结婚的樱良的好友恭子（北川景......详情>>,上映：2018年09月30日
56,虎胆追凶,布鲁斯·威利斯/文森特·多诺费奥/伊丽莎白·苏/杰克·凯西,《虎胆追凶》这部影片是由美国米高梅影片公司出品的动作犯罪题材电影，由伊莱·罗斯指导，布鲁斯·威利斯、文森特·多诺费奥、伊丽莎白·苏、迪恩·诺里斯等主演，预计在2018年9月21日上映，据悉，该影片主要是讲述了在枪案频发的芝加哥，保罗原本是一个温文儒雅仁心妙手的医生，拥有一个幸福美满的家庭。一场突如其来的厄运让他的妻女惨遭暴徒欺凌，女儿昏迷不醒，爱妻更因此丧失生命，与他天人永隔。然而，城市里连串的凶案让警方束手无策，种种原因使得保罗的案件无法结案，本应受到制裁的凶徒逍遥法外。 在崩溃和绝望中，保罗的人生价值观彻底改变。为了替家人复仇，保......详情>>,上映：2018年09月30日
57,禹神传之寻找神力,王雪沁/吴凡/周宗禹/张艺文/唐泽宗,《禹神传之寻找神力》这部影片是由李金保执导，预计在2018年9月15日上映，据悉，该影片主要是讲述了少年禹背负拯救人类的预言使命，努力寻找自身神力的故事。作品旨在营造上古时代的神话世界，塑造了一个自强不息精神的少年英雄，最终获得了族人们的拥戴的故事。上古时期，水神共工因受蛊惑，水淹人间。此时，人间天现吉兆，半神之子大禹降生于世，巫婆预言他将担负拯救苍生的使命。禹在父母和族民宠爱下渐渐长成了“熊孩子”，聪明、骄傲又霸道，随后他跟另一个部落的公主女娇等6个小伙伴一起被送去黟山接受训练。然而，经过诸多艰险磨练，传说中禹的天赋神力却始终未能显......详情>>,上映：2018年09月30日
58,黑蝴蝶,,《黑蝴蝶》这部影片是由刘敏涛、李砚 主演，预计在2018年9月15日上映，据悉，该影片主要是讲述了八十年代中期，周鲲鹏（李砚饰演）是从乡镇来到大城市，梦想考美院的待业青年。齐琳（刘敏涛饰演），一个重获人生自由，却陷入婚姻困局的女人。他们都是匆忙站在人生十字路口的平凡人，他们互相依靠，帮扶，影响，从而找到更有意义的人生。...详情>>,上映：2018年09月30日
59,两只小猪之勇闯神秘岛,,《两只小猪之勇闯神秘岛》这部影片于2018年9月30日上映，据悉，该影片脱胎于传统童话故事，本次改编动画电影以崭新萌态登场，在很远很远的地方有一座神秘岛，那里奇幻神秘，突如其来的假期让古灵精怪的小猪皮皮和俏皮可爱的小猪娜娜与呆萌囧笨的小狗酥皮，三个小伙伴踏上了神秘岛奇妙之旅…憨萌的小猪们会遭遇怎样惊险刺激的危险呢？又将如何凭借勇气和智慧，化解重重危机呢？冒险就此展开····...详情>>,上映：2018年09月30日
60,铁血战士4,波伊德·霍布鲁克/奥立薇娅·玛恩/斯特尔林·K·布朗/特拉文特·罗兹/托马斯·简/雅各布·特瑞布雷,《铁血战士4》这部影片是由拍摄《钢铁侠3》的导演沙恩·布莱克执导，影片是由20实际福克斯公司出品，这将是一部与《钢铁侠》同规模的大制作，于2018年10月26日播出。《铁血战士》是1987年诞生的科幻恐怖动作片，片名中的“铁血战士”（Predator）是一种外星怪物，他们具有隐身能力，专以猎杀人类为乐趣。1990年、2010年《铁血战士》又拍了两部续集，而在2004和2007年福克斯还制作了两部《异形大战铁血战士》（Alien vs. Predator）的外传。沙恩·布莱克希望把新的《铁血战士》打造成一部“事件性”的电影（Event ......详情>>,上映：2018年10月26日
61,丛林之书：起源,Rohan Chand/本尼迪克特·康伯巴奇/克里斯蒂安·贝尔/安迪·瑟金斯/凯特·布兰切特/娜奥米·哈里斯,电影《丛林之书：起源》由华纳兄弟娱乐公司出品，安迪·瑟金斯指导，本尼迪克特·康伯巴奇、克里斯蒂安·贝尔、安迪·瑟金斯、凯特·布兰切特领衔主演，将于2018年10月19日在北美上映，中国大陆有望引进。影片主要讲述了一个名叫Mowgi的人类小孩被印度丛林中的一个狼群养大的故事。Mowgi在一只名叫Baloo的熊和一头名叫Bagheera的豹的教导下，开始学习残酷的丛林法则，他也被丛林中的动物接受，被视为同类，只有一只动物除外：凶狠的老虎Shere Khan。但在丛林中还潜伏着更大的危险，那就是当Mowgli要面对自己人类血统的时候…………......详情>>,上映：2018年10月26日
62,西游记之三借芭蕉扇,,《西游记之三借芭蕉扇》这部影片是由郑保瑞执导，目前该影片已经立项，作为西游记系列的第四部，预计在2018年下半年上映。该影片主要是根据西游记三借芭蕉扇的情节改编，据悉，目前正在积极筹备中。...详情>>,上映：2018年10月26日
63,刺猬索尼克,,《死侍》导演提姆·米勒正在与索尼合作制作一部根据世嘉游戏《刺猬索尼克》改编的电影，Blur Studio的杰夫·福勒将执导这部针对家庭观众的CG动画与真人结合的电影，而米勒担当执行制作人，两人还将与《速度与激情》系列制片人尼尔·H·莫瑞兹联手，莫瑞兹将任该项目制片人。该项目将由索尼影业和世嘉飒美集团下的CC动画工作室Marza Animation Planet联合制作，出品游戏《刺猬索尼克》的世嘉公司也是世嘉飒美的子公司。...详情>>,上映：2018年10月26日
64,阴阳师,,《阴阳师》这部影片是由工夫影业、华谊兄弟影业、网易影业联合出品，预计在2018年国庆档上映，据悉，该影片是根据同名网游改编，目前正在前期筹备中，后续将会陆续更新演员以及剧情信息，敬请期待！...详情>>,上映：2018年10月26日
65,皇家酒店的悲惨时光,,电影《皇家酒店的悲惨时光》由德鲁·高达指导，克里斯·海姆斯沃斯、杰夫·布里吉斯参演，将于2018年10月5日上映。据悉影片中的故事发生在1960年厄尔罗亚尔的一个破旧的酒店里，电影将会具体呈现这家酒店的灵异、科幻故事。...详情>>,上映：2018年10月26日
66,阿凡提之奇缘历险,胡谦/李晔/蒋可/李扬/游军/王衡,《阿凡提之奇缘历险》这部影片是由上海电影（集团）有限公司、上海美术电影制片厂有限公司、咪咕动漫有限公司、米粒影业联合出品，预计在2018年10月1日上映，该影片主要是讲述了智慧英雄将和伙伴开启一段险象环生的惊险旅程，解开葡萄城水源枯竭的惊天秘密故事。...详情>>,上映：2018年10月26日
67,登月第一人,瑞恩·高斯林/克莱尔·芙伊/凯尔·钱德勒/寇瑞·斯托尔/帕布罗·施雷柏/派屈克·福吉特,《登月第一人》这部影片是由达米恩·查泽雷执导的传记片，由瑞恩·高斯林领衔主演，于2018年8月29日举行全球首映，于2018年10月12日正式上映，瑞恩·高斯林，克莱尔·芙伊等主演，据悉，该片剧本改编自詹姆斯·汉森的传记作品《第一人：尼尔·阿姆斯特朗的人生》，讲述人类历史上首位登上月球的宇航员的生平故事。...详情>>,上映：2018年10月26日
68,功夫联盟,赵文卓/安志杰/陈国坤/杜宇航/书亚信/麦迪娜,《功夫联盟》是由嘉环（上海）影业有限公司出品，北京聚合影联文化传媒有限公司、上海盟米文化传媒有限公司、上海佳士品牌投资管理有限公司联合出品，由刘镇伟执导，赵文卓、安志杰、陈国坤、杜宇航领衔主演，书亚信、麦迪娜、张子文、何云伟等主演，预计在2018年10月19日上映，据悉，该影片主要是讲述了赵文卓饰演的黄师傅、安志杰饰演的霍大侠、陈国坤饰演的陈阿真、杜宇航饰演的叶姓神秘人空降现代，助力年轻的主人公费英雄追求真爱的故事。...详情>>,上映：2018年10月26日
69,宝贝儿,杨幂/郭京飞/李鸿其,《宝贝儿》是由内地著名导演刘杰担任执导，侯孝贤监制，杨幂、郭京飞、李鸿其主演，预计在2018年10月19日上映，据悉，该影片主要是讲述了一个因为严重先天缺陷而被父母抛弃的弃儿江萌(杨幂 饰)，拯救另一个被父母宣判了“死刑”的缺陷婴儿的故事。...详情>>,上映：2018年10月26日
70,爱猫之城,,《爱猫之城》这部影片是由希达·托伦执导，2016年2月21日上映，于2018年10月在中国上映，据悉，该片讲述了伊斯坦布尔的猫咪们的生活故事。伊斯坦布尔的猫并不能简单归类为我们平日所见的家猫或流浪猫，它们自由地出入于人类的生活，亲密但又保有自由，介乎于野生与驯养之间。在伊斯坦布尔，这样的猫成千上万只，它们以这样的方式和伊斯坦布尔共生了数千年。伊斯坦布尔人爱猫，许多人都有自己和猫之间独特的故事，与其说是猫依赖人 ，不如说是人依赖着与猫之间的亲密与羁绊，有人觉得猫是自己和上帝之间的桥梁，有人觉得猫是自己活在世上的一面镜子。伊斯坦布尔的猫之......详情>>,上映：2018年10月26日
71,山2,迪·埃金/缪拉·阿金/艾露·阿鲁拉/乌富克·巴伊拉克塔尔/阿茜雅·欧兹肯/迪·埃金,《山2》这部是由欧赞·艾贾、贝迪·埃金 、 缪拉·阿金、 艾露·阿鲁拉、乌富克·巴伊拉克塔尔、 艾琥·图尔克潘贾 、阿茜雅·欧兹肯主演，预计在2018年10月在中国上映，据悉，该影片主要是讲述了一个秘密的特种部队的故事，呼叫信号“风暴使者”。在第一部电影《山》的巴吉尔和奥古兹事件之后，不一定有把握的最好的朋友，已经报名参加世界闻名，永远艰苦的土耳其特种部队训练。他们的第一次任务是六年后开始的——渗透到现代伊拉克最野蛮的地区进行救援。...详情>>,上映：2018年10月26日
72,苦行僧的非凡旅程,丹努什/艾琳·莫里亚蒂/贝热尼丝·贝乔/巴克德·阿巴蒂/莎拉·珍妮·拉布罗丝/热拉尔·朱尼奥,《苦行僧的非凡旅程》这部影片是由丹努什、 艾琳·莫里亚蒂、贝热尼丝·贝乔 、巴克德·阿巴蒂、莎拉·珍妮·拉布罗丝、 热拉尔·朱尼奥 、希玛·比斯瓦斯、玛尔·索度佩、 阿贝尔·贾夫里、斯特凡诺·卡塞蒂、 Hearty Singh、Uwamungu Cornelis、 Gandharv Dewan、 Edwin Gillet、 Daniele Nisi、 Omkar Ketkar、Amruta Sant、 Pauline Maréchal、 Christian Bronchart主演，预计在2018年10月上映，据悉，该影片是改编自法国畅......详情>>,上映：2018年10月26日
73,我的间谍前男友,拉·库尼斯/凯特·麦克金农/贾斯汀·塞洛克斯/萨姆·修汉/薇尔玛·斯泽克斯/哈桑·明哈杰,《我的间谍前男友》这部影片是由苏珊娜·福格尔执导，拉·库尼斯、 凯特·麦克金农、贾斯汀·塞洛克斯、萨姆·修汉、薇尔玛·斯泽克斯 、哈桑·明哈杰、凯文·亚当斯、吉莲·安德森、伊万娜·萨赫诺、简·库丁、 保罗·雷瑟、弗雷德·迈拉麦德 、詹姆斯·弗雷特 、卡罗琳·皮克尔斯、贾斯婷·瓦希伯格、汤姆·斯托顿、 罗德里克·希尔主演，于2018年10月11日在中国上映，据悉，该影片主要是讲述了一对居住在洛杉矶的闺蜜，当闺密的CIA前男友与一群致命杀手一起出现在她们的公寓里时，两人被卷进了一场国际阴谋中，她们开始在欧洲与各位杀手斗智斗勇的故事。...详情>>,上映：2018年10月26日
74,超能泰坦,由萨姆·沃辛顿/泰勒·席林/汤姆·威尔金森/阿格妮丝·迪恩/娜塔莉·伊曼纽尔/诺亚·尤佩,《超能泰坦》这部影片是由萨姆·沃辛顿、 泰勒·席林、 汤姆·威尔金森、 阿格妮丝·迪恩 、娜塔莉·伊曼纽尔、 诺亚·尤佩、克里·约翰逊 、亚历山大·约瓦诺维奇 、 迪耶戈·博内塔 、 Aaron Heffernan、 娜奥米·巴特里克 、史蒂芬·克里、 娜塔莉·波萨 、弗朗西斯科·加里多、 凯尔·索列尔 、本·奥德里基、Gustavo Salmerón主演，于2018年10月12日在中国上映，据悉，该影片主要是讲述了发生在未来的科幻故事。那时的地球人口严重过剩，处于危险边 缘。战争盛行，资源正急剧减少。十年后，地球就将变成一片废墟，人......详情>>,上映：2018年10月26日
75,嗝嗝老师,拉妮·玛克赫吉/内拉吉·卡比/萨钦/苏普丽雅·皮尔加卡尔/侯赛因·达拉尔/Rohit Saraf,《嗝嗝老师》这部影片是由希德哈斯·P·马尔霍特拉执导，预计在2018年10月12日上映，该影片是由拉妮·玛克赫吉、内拉吉·卡比 、 萨钦、苏普丽雅·皮尔加卡尔、侯赛因·达拉尔、 Rohit Saraf、Vikram Gokhale、 Jannat Zubair Rahmani 、 Riya Shukla 、Ivan Rodrigues 、Asif Basra 、Shivkumar Subramaniam主演，据悉，该影片是根据知名小说改编，女主角奈娜（拉妮·穆克吉饰）患有图雷特氏综合症，经常会不受控制地抽搐并发出怪声。她梦想成为一名教......详情>>,上映：2018年10月26日
76,阿拉姜色,容中尔甲/尼玛颂宋/赛却加,《阿拉姜色》这部影片是由小金斯古拉旅游文化投资有限公司出品，由松太加执导，容中尔甲、尼玛颂宋、赛却加主演，于2018年10月26日上映，据悉，该影片主要是讲述了一个年轻的母亲患病，丈夫与儿子陪她踏上了为前夫尽遗愿的拉萨之旅的故事。...详情>>,上映：2018年10月26日
77,帝企鹅日记2：召唤,朗贝尔·维尔森/托马斯·阿克达/摩根·弗里曼/苏菲·格拉宝/罗夫·拉斯加德/皮弗,《帝企鹅日记2：召唤》这部影片是由吕克·雅盖执导，朗贝尔·维尔森、托马斯·阿克达 、 摩根·弗里曼、苏菲·格拉宝、罗夫·拉斯加德 、皮弗、丹尼斯·史托霍伊主演，预计在2018年10月12日上映，据悉，该影片主要是讲述了小企鹅在南极极端环境中勇敢对抗风雪和天敌，努力长大的故事。对于12年前《帝企鹅日记》中刚刚开启“鹅生”的小企鹅而言，如今的它们已经成为了爸爸妈妈，来自海洋的神秘召唤促使它们踏上旅程，继续着这片南极大陆上的传奇。...详情>>,上映：2018年10月26日
78,无敌原始人,埃迪·雷德梅恩/汤姆·希德勒斯顿/麦茜·威廉姆斯/蒂莫西·斯波/马克·威廉姆斯/理查德·阿瓦迪,《无敌原始人》这部影片是由由英国阿德曼动画公司制作的冒险动画片，由尼克·帕克执导，埃迪·雷德梅恩、汤姆·希德勒斯顿、麦茜·威廉姆斯、蒂莫西·斯波、马克·威廉姆斯联合配音，于2018年1月26日在英国上映，于2018年10月19日在中国上映，据悉，该影片主要是讲述了一群居住在山洞里的史前人类尼安德特人是如何利用足球击败了强大敌人、拯救自己的故事。在猛犸象游走地球的史前时期，石器时代和青铜时代成为了两个独立的部落。石器时代的人以猎兔为生，而青铜时代的人则以生产和商业为生。有一天，以暴君努斯（汤姆·希德勒斯顿配音）为首的青铜时代部落想夺走石......详情>>,上映：2018年10月26日
79,雪怪大冒险,查宁·塔图姆/詹姆斯·柯登/勒布朗·詹姆斯/吉娜·罗德里格兹/赞达亚/吉米·塔特罗,《雪怪大冒险》这部影片由凯利·柯克帕特里克执导，赞达亚、查宁·塔图姆、吉娜·罗德里格兹、勒布朗·詹姆斯、詹姆斯·柯登、吉米·塔特罗等配音，于2018年10月19日上映，据悉，该影片主要是讲述了年轻开朗的雪人发现了他以为不存在的东西——人类的故事。雪怪身材高大，憨态可掬，全身覆盖以白色为主的长毛，小巧的双角更添一分俏皮，自带毛绒玩具风格的“滤镜”。雪怪们不仅造型呆萌，更和人类一样有智慧、有情感，个性鲜明，可爱可亲。雪怪对人类来说是难以证实的神秘传说，而在雪怪的世界里，人类才是未知可怕的传说生物。米果与人类不期而遇。随后他向整个雪人部落宣......详情>>,上映：2018年10月26日
80,向阳的日子,吴超/王力可/吕聿来/崔楠/海尔夫/严佳茵,《向阳的日子》这部影片是由北京梦推手文化传媒有限公司、北京岭上昭阳文化传媒有限公司联合出品，吴超，王力可，海尔夫，吕聿来领衔主演，预计在2018年10月19日上映，据悉，影片主要讲述了奶奶去世后向阳不得不回到父亲身边，但这时的父亲已经有了自己的新家庭。倔强的性格使向阳无法融入这个新家，并与继母矛盾日益加重，当向阳渐渐回归父爱的时候， 却传来了父亲遇难的消息的故事。...详情>>,上映：2018年10月26日
81,非洲遇见你,杨玥/王梓权/德温·沃勒尔/张杨智子/缪艺豪/王往,《非洲遇见你》是由崔燕执导，杨玥、王梓权领衔主演的第一部以非洲反盗猎保护动物为背景的公路冒险爱情片。于2018年10月19日在全国公映，据悉，该影片主要是讲述了一位上海广告公司的年轻霸道女总监来到津巴布韦后，经历了一场生死难忘的旅程，收获了爱情并改变了自己的故事。...详情>>,上映：2018年10月26日
82,追鹰日记,让·雷诺/曼纽尔·卡马科/托比亚斯·莫雷蒂/伊娃·坤,《追鹰日记》这部影片是由让·雷诺、曼纽尔·卡马科、托比亚斯·莫雷蒂、伊娃·坤主演，于2018年10月26日在中国上映，据悉，该影片主要是讲述了在阿尔卑斯山的秀丽山谷中，孤独少年邂逅被遗弃的受伤幼鹰，两个年轻的生命被命运绑在了一起，并成为彼此生命中最重要的伙伴，一段少年与鹰的故事就此展开。他们经历了磨合，经历了冒险，同样也经历了大自然的灾难洗礼。在相处过程中，雄鹰逐渐找到了自己的世界，少年也随之成长，最终懂得真正的爱不是拥有而是给它自由！...详情>>,上映：2018年10月26日
83,灵魂契约,王小岩/陆翊/王廷晖/贾明瑛,《灵魂契约》这部影片是由王小岩、陆翊 、王廷晖、贾明瑛主演，预计在2018年10月26日上映，据悉，该影片主要是讲述了一对儿相依为命的双胞胎姐妹，姐姐经营酒吧为生，支持妹妹的文学创作。妹妹的创作遭遇瓶颈，在好友陪伴下去一个海岛散心，却遭遇并撞翻了海葬的尸体。一时间恶灵归来，先成梦魇，妹妹被恶灵纠缠，发生一系列恐怖事件，海葬的亡灵兴风作浪，神秘诡异的灵魂契约揭开面纱的故事。...详情>>,上映：2018年10月26日
84,超时空大冒险,,《超时空大冒险》这是一部动漫片，预计在2018年10月27日上映，据悉，该影片主要是讲述了很久很久以前，银河系有一个大魔王叫索克大魔王，他妄想统治世界，却被一个神秘法器打败，五百年后，索克大魔王再次回来世间，并开始了一个更加离奇的计划，沙漠巨蝎、洞穴迷宫、火山巨人，喷火恐龙，外星人卡卡超越时空带着乐乐和朵朵开启一段寻找神器的冒险之旅。...详情>>,上映：2018年10月26日
85,时空行者,甄子丹/黄圣依/王宝强/任达华/吴俊余,《时空行者》这部影片是由叶伟民执导的喜剧武侠影片，该影片是由甄子丹、黄圣依、王宝强、任达华、 吴俊余领衔主演，预计在2016年上映播出。该影片主要讲述了明朝大将贺英、元龙、聂虎、萨獒从尘封的冰山中穿越至现代，古代的恩怨在现代继续上演。贺英在经历了兄弟间残酷的争斗后，最终收获了自己的爱情的故事。...详情>>,上映：2018年11月
86,圣诞怪杰,本尼迪克特·康伯巴奇,电影《圣诞怪杰》由环球影片公司出品，Peter Candeland指导，本尼迪克特·康伯巴奇担任配音，将于2018年11月9日在北美上映，中国大陆有望引进。影片“苏斯博士”（Dr. Seuss）的著名畅销童书改编，故事的主角是一个绿色的怪物格林奇，他非常非常痛恨圣诞节，因为他是一个孤儿，为了不让人们过圣诞，他把所有圣诞礼物都偷走了，最后是一个纯真的小女孩融化了他冷漠的心。...详情>>,上映：2018年11月
87,绝地战警3,威尔·史密斯/马丁·劳伦斯,电影《绝地战警3》由哥伦比亚影业公司出品，乔·卡纳汉指导，威尔·史密斯、马丁·劳伦斯领衔主演，将于2018年11月9日在北美上映，中国大陆有望引进。《绝地战警3》启动的消息已经不是新闻了，影片早在五六年前就被曝招揽原班人马投入制作，不过一直到现在，影片还一直处于搁浅状态。近日关于《绝地战警3》的最新消息是，《人狼大战》《天龙特攻队》导演乔·卡纳汉有望担任影片编剧，同时兼任导演。2014年，好莱坞金牌制片人杰瑞·布鲁克海默就曾表示《绝地战警3》不开拍的原因在于时机不佳，“当索尼很兴奋地想要拍摄影片的时候，威尔·史密斯却赶去拍别的两部电影......详情>>,上映：2018年11月
88,毒液,托弗·戈瑞斯,电影《毒液》由艾里克斯·库兹曼指导，将于2018年10月5日在北美影院上映，2018年11月9日在中国上映。“毒液”在2007年上映的《蜘蛛侠3》中是超级英雄蜘蛛侠最强的对手之一，他原本是一个名叫艾迪·布洛克的记者，后来因为蜘蛛侠彼得·帕克揭发他PS的新闻照片而遭到报社的解雇，之后又在外星共生体的腐蚀下，变成了一个与蜘蛛侠势不两立的狠角色。在《毒液》中，影片将根据原著漫画中的内容，把这个角色的来龙去脉进行进一步延展。...详情>>,上映：2018年11月
89,神奇动物在哪里2,,电影《神奇动物在哪里》的出品方华纳兄弟影片公司已确认《哈利·波特》系列电影的后四部导演大卫·耶茨执导《神奇生物在哪里》三部曲，其中，首部曲由J·K·罗琳亲自编剧，将于2016年11月18日在北美上映，后两部分别于2018年11月和2020年11月上映。...详情>>,上映：2018年11月
90,花木兰,,电影《花木兰》真人版由妮基·卡罗指导，将于2018年11月2日在北美影院公映，中国大陆有望引进。继《沉睡魔咒》、《奇幻森林》、《灰姑娘》等片获得成功后，迪士尼决定拍真人版《花木兰》，并将在全球海选一名中国女演员扮演传奇的女英雄花木兰。与1998年动画版一样，真人版《花木兰》根据中国历史上的女英雄花木兰改编，花木兰伪装成男人，替自己年迈的父亲从军上战场，在她可靠的守护龙木须的帮助下，她成为了一名技艺高超的战士，中国最伟大的女英雄之一。...详情>>,上映：2018年11月
91,破梦游戏,陈都灵/宋威龙/张宥浩/盖玥希/吕绍聪/佟大为,《破梦游戏》这部影片是由北京君舍文化传媒有限公司出品，韩琰执导，陈都灵、宋威龙、张宥浩、盖玥希、吕绍聪、佟大为等主演，预计在2018年11月9日上映，据悉，该影片是根据同名漫画改编，主要是讲述了江函（陈都灵饰）意外进入到一款其父亲江山（佟大为饰）设计的全息游戏，遇到了高冷的南极（宋威龙饰）和热情的苏西（张宥浩饰），他们一起发现了游戏蕴藏的大秘密，为了拯救受困的游戏玩家，三人通过努力打败了阴谋家的故事。...详情>>,上映：2018年11月
92,X战警：黑凤凰,苏菲·特纳/詹姆斯·麦卡沃伊/迈克尔·法斯宾德/詹妮弗·劳伦斯/尼古拉斯·霍尔特,《X战警：黑凤凰》这部影片是由20世纪福克斯出品，西蒙·金伯格执导，苏菲·特纳主演，预计在2018年11月2日上映，据悉，该影片是X战警系列的续集，目前正在积极筹备中，后续将会陆续更新演员以及剧情信息，敬请期待！...详情>>,上映：2018年11月
93,一意孤行,,《一意孤行》这部影片是由秦海璐执导，预计在2018年11月9日上映，据悉，该影片目前正在前期筹备中，后续将会陆续更新演员以及剧情信息，敬请期待！...详情>>,上映：2018年11月
94,绿毛怪格林奇,,动漫《绿毛怪格林奇》由照明娱乐与美国环球影业共同制作，该团队曾制作动漫小黄人，并提名了奥斯卡奖，想必动漫水准有所保证。《绿毛怪格林奇》是一部喜剧片，日前发布了预告片，刚一发布就获得了众人的关注。格林奇是一个古灵精怪的角色，他将在动画中充分表现自己的性格色彩。演员本尼迪克特·康伯巴奇担任影片的配音人员。该动漫改编自苏斯博士所著的儿童书籍。该影片将于2018年11月9日在北美上映，敬请期待。...详情>>,上映：2018年11月
95,过往的梦,宫哲/张珏/李骏诚/张悦楠/庄心妍,《过往的梦》这部影片是由北京悦聆鑫达传媒有限公司出品，宫哲 ，张珏 ，李骏诚 ，张悦楠，庄心妍主演，预计在2018年11月11日上映，据悉，该影片主要是讲述了在悲戚的童年走过来的明浩，守着姐姐和歌唱的梦想一步步的成长，追求音乐梦想的路上遇到了深爱一生的女人，有了短暂的幸福和快乐。当美好崩塌后，明浩隐瞒姐姐红梅选择了灯红酒绿的生活，在即将堕落深渊的那一刻，他幡然醒悟，游离的人生最终安定的停靠在了亲情和爱情的港湾。...详情>>,上映：2018年11月
96,无名之辈,陈建斌/任素汐/潘斌龙/章宇/王砚辉/九孔,《无名之辈》是由饶晓志执导，饶晓志、雷志龙编剧，陈建斌 、任素汐、 潘斌龙、 章宇、王砚辉、九孔等主演，于2018年11月16日上映，据悉，该影片主要是讲述了一个山水环绕的小城，一把不知道还能不能用的老枪，一对痴情又妄想的劫匪，一个落魄又落寞的保安，一个只能在轮椅上骂人的彪悍女子，一场事先被张扬的大型追债活动，还有谎话连篇的按摩女、心比天高的少年、相爱相杀假装要去浪迹天涯的成年情侣，在某一个貌似平常的日子里，不同人的生活突然被拧在了一起，就像那时而阳光时而阴雨的天气，谁也不知道下一刻会发生什么，直到那把哑火的枪突然射出子弹，死亡就像一......详情>>,上映：2018年11月
97,你好，之华,周迅/杜江/秦昊/张子枫/邓恩熙,《你好，之华》这部影片是由日本导演岩井俊二编剧并执导，陈可辛监制，周迅、杜江、秦昊、张子枫、邓恩熙领衔主演，于2018年11月9日上映，据悉，该影片主要是讲述了由书信往来引发的往事纠葛，周迅饰演女主角之华，而之华是揭开三代人故事纠葛的关键人物。...详情>>,上映：2018年11月
98,比悲伤更悲伤的故事,陈意涵/刘以豪/张书豪/陈庭妮/禾浩辰/吴映洁,《比悲伤更悲伤的故事》这部影片是由陈意涵、刘以豪、张书豪主演的，预计在2018年11月30日在台湾上映，该影片主要是讲述了同居十年的一对好朋友为了完成相互的心愿的故事。...详情>>,上映：2018年11月
99,被抹去的男孩,卢卡斯·赫奇斯/妮可·基德曼/乔尔·埃哲顿/罗素·克劳/泽维尔·多兰/特洛耶·希文,《被抹去的男孩》这部影片是由乔尔·埃哲顿自编自导自演，卢卡斯·赫奇斯、妮可·基德曼、 乔尔·埃哲顿、 罗素·克劳 、泽维尔·多兰、特洛耶·希文、 杰西·拉图雷特、布里顿·瑟尔、David Ditmore、 Matt Burke、 威廉·吴 、Lindsey Moser 、艾米丽·辛克尔、大卫·约瑟夫·克雷格、 Victor McCay、 弗利、蒂姆·韦尔、 乔·阿尔文 、 玛德琳·克莱因 、Josh Scherer 、西奥多·佩尔兰 、Frank Hoyt Taylor、Ron Clinton Smith、杰森·戴维斯 、Brook ......详情>>,上映：2018年11月
100,名侦探柯南：零的执行人,高山南/山口胜平/山崎和佳奈/小山力也/绪方贤一/林原惠美,《名侦探柯南：零的执行人》这部影片于2018年11月9日上映，高山南、山口胜平、山崎和佳奈、小山力也、绪方贤一、林原惠美、古谷彻、置鲇龙太郎联合配音，据悉，该影片主要是讲述一场大规模的恐怖袭击，一个牵扯无数内幕的神秘组织，这个关乎整个东京的可怕计划即将拉开帷幕…首脑云集的东京峰会举办在即，会场突然发生超大规模的爆炸事件，不仅在现场发现行踪诡异的安室透，毛利小五郎更是惨遭陷害。面对最危险任务，最烧脑的推理，最艰难的博弈，柯南能否在迷雾中寻找到唯一的真相。...详情>>,上映：2018年11月
101,滴答屋,欧文·瓦卡罗/杰克·布莱克/凯特·布兰切特/凯尔·麦克拉克伦/考林·加普/芮妮·戈兹贝里,《滴答屋》这部影片是由由伊莱·罗斯执导的家庭奇幻喜剧影片，杰克·布莱克、欧文·瓦卡罗和凯特·布兰切特等参加演出。于2018年9月21日在美国上映，于2018年11月1日在中国上映，据悉，该影片主要是讲述了孤儿Lewis在叔叔的老房子里，发现了通向巫师的隐秘世界的通道的故事。上世纪中期，孤儿Lewis（欧文·瓦卡罗饰）搬去和叔叔（杰克·布莱克饰）一起居住在一栋摇摇欲坠并发出神秘滴答声响的老房子里。他不小心唤醒了亡灵，让沉睡的城镇建筑摇身一变为巫师的隐秘世界。凯特·布兰切特和杰克·布莱克在片中分别饰演一名女巫和巫师，他们本知道老房子的秘密......详情>>,上映：2018年11月
102,流浪猫鲍勃,卢克·崔德威/鲁塔·盖德敏塔斯/琼安·弗洛加特/安东尼·海德/Darren Evans/鲁斯·西恩,《流浪猫鲍勃》这部影片是由是由罗杰·斯波蒂伍德执导，卢克·崔德威、鲁塔·盖德敏塔斯、琼安·弗洛加特和流浪猫鲍勃主演的传记电影。该片于2016年11月4日在英国上映，于2018年11月2日在中国上映，据悉，该片改编自詹姆斯·鲍文的同名小说，讲述了一位落魄的伦敦街头卖唱艺人在尝试戒毒、生活窘迫之际，偶遇并收养了一只姜黄色流浪猫，并在猫咪的帮助下成功改变命运的故事。...详情>>,上映：2018年11月
103,黑暗迷宫,聂远/葛天/杜奕衡/初俊辰/栾元晖/余薇薇,《黑暗迷宫》这部影片是由温河执导，聂远、葛天领衔主演，杜奕衡、初俊辰、栾元晖、余薇薇、卢卓（小灿）、程爽、陈震、戚蓝尹等主演，预计在2018年11月1日上映，据悉，该影片主要是讲述了七个互不相识的人，冥冥之中上了同一辆车。在车辆进入黑暗的隧道后，却永远开不到尽头。经过多种试验，他们依然无法逃离。莫名出现的尸体，死而复生的故人以及突如其来的凶杀接踵而至。和这没有尽头的隧道一样恐怖的，是每个人在黑暗中逐渐暴露的人性……...详情>>,上映：2018年11月
104,飓风奇劫,托比·凯贝尔/玛姬·格蕾斯/瑞恩·柯万腾/拉尔夫·尹爱森/梅丽莎·博洛纳/本·克劳斯,《飓风奇劫》这部影片是由是由罗伯.科恩执导，由托比·凯贝尔 、玛姬·格蕾斯、瑞恩·柯万腾 、拉尔夫·尹爱森 、梅丽莎·博洛纳、本·克劳斯等主演，预计在在2018年11月2日在中国上映，主要是讲述了财务部女调查员追查混进铸币厂偷窃纸币的盗贼，然而飓风即将来临，她不得不和留在当地的气象学家共同面对盗贼和飓风的故事。...详情>>,上映：2018年11月
105,我的冤家是条狗,比蒂·埃德蒙森/艾德·斯克林/詹妮弗·桑德斯,《我的冤家是条狗》由英国著名导演曼迪·弗莱切执导，英国影星比蒂·埃德蒙森、艾德·斯克林、詹妮弗·桑德斯等领衔主演的家庭喜剧电影，于2018年11月9日上映，据悉，该影片主要是讲述了“伦敦漂”大龄剩女莎拉，意外继承了外婆的宠物犬“八哥”。这只五短身材脾气又臭的不速之客不断制造麻烦，让莎拉原本就一团乱麻的生活雪上加霜，也在潜移默化中给她带来了改变和阳光，让她重拾生活的勇气。...详情>>,上映：2018年11月
106,你美丽了我的人生,古丽米娜·麦麦提/玉米·提/金星/迪丽达尔·热夏提/阿卜力克木·阿卜来提,《你美丽了我的人生》这部影片是由由新疆大森文化传媒和宁波广播影视艺术中心出品，阎清秀、于德安执导的音乐歌舞电影，由玉米提、古丽米娜领衔主演，迪丽达尔·热夏提、阿卜力克木·阿卜来提联合主演，金星客串主演，于2018年11月2日在中国上映，据悉，该影片主要是讲述了曾是艺术学院舞蹈尖子的一对情侣，因为一次出国学习舞蹈的选拔机会产生误会而遗憾分开，多年后机缘巧合又因为对舞蹈艺术的共同热爱让两个人重新走到一起的故事。...详情>>,上映：2018年11月
107,神奇动物：格林德沃之罪,埃迪·雷德梅恩/丹·福格勒/裘德·洛/埃兹拉·米勒/卡鲁姆·特纳/秀贤,《神奇动物：格林德沃之罪》是美国华纳公司出品，JK罗琳担任编剧，大卫·叶茨执导，埃迪·雷德梅恩、凯瑟琳·沃特森、约翰尼·德普、埃兹拉·米勒、裘德·洛、艾莉森·苏朵儿、丹·福格勒等人主演的奇幻冒险电影，预计在2018年11月16日上映，据悉，该影片主要是讲述了巫师世界越来越黑暗，黑巫师格林德沃将再次掀起风浪，纽特和邓布利多联合阻止魔法界的混乱的故事。...详情>>,上映：2018年11月
108,摘金奇缘,吴恬敏/杨紫琼/亨利·戈尔丁/嘉玛·陈/岑勇康/水野索诺娅,《摘金奇缘》是由美国华纳兄弟影业公司出品的喜剧片，由朱浩伟执导，吴恬敏、亨利·戈尔丁、杨紫琼领衔主演。该片于2018年8月15日在美国上映。于2018年11月30日中国上映，据悉，该影片主要是讲述了新加坡最富有的家族继承人杨尼克带上美籍华裔女友周瑞秋，回新加坡参加婚礼后引发的一场闹剧的故事。...详情>>,上映：2018年11月
109,阿凡达2,萨姆·沃辛顿/佐伊·索尔达娜/西格妮·韦弗/史蒂芬·朗/米歇尔·罗德里格兹/吉奥瓦尼·瑞比西,电影《阿凡达2》由二十世纪福克斯电影公司出品，詹姆斯·卡梅隆担任指导，目前暂定将于2018年12月25日在美国公映，中国大陆有望引进！《阿凡达2》的续集已经在创作中了，导演詹姆斯・卡梅隆在接受媒体采访时表示，他正在新西兰一家农场“闭关”创作剧本，预计会在年底开拍，并有望在2017年与全球观众见面。按卡梅隆原来的计划，《阿凡达》续集的前期制作应于2013年1月开始，但他还在为剧本发愁，在接受记者采访时，卡梅隆说：“我正在全力创作《阿凡达2》和《阿凡达3》的剧本。”卡梅隆对于续集创作有着丰富的经验，他的《终结者2》和《异形2》在口碑上都超......详情>>,上映：2018年12月25日
110,天气预爆,肖央,《天气预爆》这部影片是由上海儒意影视制作有限公司出品，导演肖央执导，于2016年年底开拍，预计在2018年12月21日上映。该影片主要是讲述了雾霾笼罩的都市，空气污染愈发严重，人们出现幻觉，事故频出。原本平凡无奇的阿峰、付雷和忧忧，因为一件快递被牵引在一起，在疯子大叔的召唤下，他们肩负起了拯救地球空气的责任，最终使都市重见天日的故事。...详情>>,上映：2018年12月25日
111,海王,杰森·莫玛/艾梅柏·希尔德/帕特里克·威尔森/威廉·达福/妮可·基德曼/特穆拉·莫里森,电影《海王》由华纳兄弟影片公司出品，温子仁指导，杰森·莫玛、艾梅柏·希尔德、帕特里克·威尔森、威廉·达福、妮可·基德曼领衔主演，将于2018年12月21日在美国上映，中国大陆上映时间有望引进。海王是美国DC漫画旗下超级英雄，初次登场于《多趣漫画》第73期（1941年11月），由保罗·诺里斯与莫尔·韦辛格联合创造。本名亚瑟·约瑟夫·库瑞，是海底之国亚特兰蒂斯女王和美国海边一名灯塔看守人的私生子，拥有半人类、半亚特兰蒂斯人的血统，从小就展现出了异于常人的各种超能力，在女王被其子海洋领主奥姆谋杀后，湄拉找到亚瑟，告诉了他自己的身世和所要肩负......详情>>,上映：2018年12月25日
112,新欢乐满人间,艾米莉·布朗特/林-曼努尔·米兰达,电影《新欢乐满人间》由华特迪士尼公司出品，罗伯·马歇尔指导，将于2018年12月25日在美国上映，中国大陆有望引进。新版《欢乐满人间》的故事发生在原作20年后大萧条时期的伦敦，将从帕梅拉·林登·特拉弗斯的《欢乐满人间》系列图书汲取灵感，进一步探索玛丽与班克斯一家的冒险。1964年上映的《欢乐满人间》现在已经成为了迪士尼儿童电影的一个标本，不管迪士尼后来出品了什么样的儿童音乐剧，都要向它看齐，影片充满了奇幻的想象：从天而降的仙女、真人和动画共舞都能让当时和今天的孩子们尖叫，而且影片中还塑造了一个“幡然悔悟”的父亲形象，让成年观众也有所感......详情>>,上映：2018年12月25日
113,毛虫的破绽,,《毛虫的破绽》这部影片是由宫崎骏的新长篇动画影片，据悉，该影片于2019年上映，目前该影片正在积极筹备中，后续将会陆续更新演员以及剧情信息。...详情>>,上映：2018年12月25日
114,牵引城市,,《牵引城市》这部电视剧环球影业出品，克里斯蒂安·瑞沃斯执导，于2018年12月21日上映，据悉，该影片是根据2001年菲利普·雷夫出版的同名YA小说改编，后续将会陆续更新演员以及剧情信息，敬请期待！...详情>>,上映：2018年12月25日
115,聂小倩,徐千京,《聂小倩》这部影片是由米粒影业出品，预计在2019年上映，据悉，该影片是根据聊斋志异系列的故事进行改编，讲述了一个人妖共存的世界，宁采臣与聂小倩因一场意外结缘，也因而得罪了罗刹姥姥，进退之间，宁采臣联手燕赤霞勇闯姥姥的藏身之所，为情而战的故事。...详情>>,上映：2018年12月25日
116,欢乐满人间2,艾米莉·布朗特/梅丽尔·斯特里普/科林·费尔斯/林-曼努尔·米兰达/林曼努尔·米兰达/本·威士肖,《欢乐满人间2》这部影片是由迪士尼出品，罗伯·马歇尔执导，艾米莉·布朗特、梅丽尔·斯特里普、科林·费尔斯、 林-曼努尔·米兰达等主演，于2018年12月25日在美国上映，据悉，该影片主要是根据英国同名小说改编，目前该影片正在热拍中，后续将会陆续更新演员以及剧情信息。...详情>>,上映：2018年12月25日
117,波西米亚狂想曲,,电影《波西米亚狂想曲》由布莱恩·辛格指导，由拉米·马雷克、本·哈迪、格威利姆·李、约瑟夫·梅泽罗参演。金牌制作人格拉汉姆·金已经开发此项目9年，但由于此前两次与编剧或导演存在创作方面的分歧，迟迟未能开拍。今年才确定新的导演、编剧与主演，预计将于2017年9月中旬开拍，目前在伦敦做前期准备工作。影片以合作为主要内容，充满了荣誉与歌颂。...详情>>,上映：2018年12月25日
118,乡村青年,吴云飞,电影《乡村青年》由吴云飞（在电视剧《乡村爱情》中饰演赵玉田）、张洪杰、郭旺、崔大笨主演，将于2018年贺岁档上映。影片以当代的创新主义、开拓精神为背景，讲述了东北青年杨钉一直梦想自己创业并回报家乡父老乡亲，他怀着这样的想法从城市辞职回到农村，经历了一系列的曲折坎坷，凭借自己的坚持，收获了事业和爱情的双丰收，并帮助村民们一起成功致富的故事。...详情>>,上映：2018年12月25日
119,阿丽塔：战斗天使,罗莎·萨拉扎尔/克里斯托弗·瓦尔兹/詹妮弗·康纳利/艾德·斯克林/杰基·厄尔·哈利/艾莎·冈萨雷斯,《阿丽塔：战斗天使》这部影片是由是罗伯特·罗德里格兹执导，罗莎·萨拉扎尔主演，于2018年12月21日在美国上映，据悉，该影片是根据漫画《铳梦》改编，主要是讲述了在26世纪，那时科技已经可以重塑人类的大部分器官，不少人都换上了机械的身体。主人公艾德某天在垃圾堆里找到一个少女的机械残躯。艾德把她救活并将其命名为阿丽塔，但她已失去了以前的记忆。在一次偶然的机会下，艾德发现阿丽塔原来有着超强的战斗力，注定了她的使命就是要不停的战斗。...详情>>,上映：2018年12月25日
120,国境线之雇佣部队,,《国境线之雇佣部队》这部影片预计在2018年12月上线，该影片是以二战时期同盟国军机坠毁，机组人员与装载“钚236机密资料”的达芬奇密码筒一起失踪作为故事背景，以东南亚某第三国家雇佣兵组织CRC接到委托寻找达芬奇密码筒为主线，以“具敏锐第六感”的神秘女子贡布欣、委托人阮成泽、东南亚裔华人队长长岳与以及神秘保护人郑文初为主要人物，展开一系列神秘探寻任务。...详情>>,上映：2018年12月25日
121,白蛇：缘起,,《白蛇：缘起》这部影片是由华谊兄弟、追光动画出品，于2018年12月21日上映，据悉，该影片的故事的缘起也是白素贞和许仙爱情的缘起。最大的不同是做了一个年轻的白蛇的爱情故事。...详情>>,上映：2018年12月25日
122,动物特工局,,《动物特工局》这部影片于2018年12月21日上映，据悉，该影片主要是讲述一个多种动物组成的现代化世界，主人公乌拉（猫）堪称特工局第一高手，在一次执行任务时，乌拉因在闹市区飞车追逐弄的一团糟，而被上司发配到海上仓库当保安。乌拉来到海上仓库和宅男保安爱克托（鼠）相识，两人因为完全不同的性格和价值观而互相厌恶。然而一天夜里，海上仓库的“核电荷”丢失案让二人不得不卷入其中一同破案。但情况并不是这么简单，“核电荷”丢失案背后牵扯出的“寒冰魔鬼”以及层层内幕令人不寒而栗，这对冤家猫鼠特工终于团结朋友各显其能，向危及整个世界安全的巨大黑幕接近……......详情>>,上映：2018年12月25日
